{"id":"1658b803-9364-78cb-09d3-e1ef987b4121","type":"graph","name":"bd2c1b5f-d5b6-473b-9cfa-6184fe05e1d6","state":"CLOSED","result":"SUCCEEDED","startDate":1535643761244,"endDate":1535643761421,"duration":177,"paused":false,"workflowTraceId":"1658b803-9353-dda8-ffcb-ff77edffb046","children":[{"id":"1658b803-a5d2-488c-e339-eb57045f81f2","type":"componentEnvironmentIterator","displayName":"Quiesce-CompProcess","name":"05a9b2e4820c716d974cc93be9d638","state":"INITIALIZED","result":"NONE","duration":1535643818114,"workflowTraceId":"1658b803-9353-dda8-ffcb-ff77edffb046","component":{"id":"165863b4-8249-4ad6-d93a-ec8dd49ccda3","securityResourceId":"165863b4-8188-df2a-7920-24a826b064fd","name":"Deploy-VerySimpleApp","description":"","created":1535555356515,"componentType":"STANDARD","ignoreQualifiers":0,"importAutomatically":false,"useVfs":true,"active":true,"integrationFailed":false,"deleted":false,"defaultVersionType":"FULL","cleanupDaysToKeep":0,"cleanupCountToKeep":0,"templateVersion":-1,"tags":[],"templateTags":[],"user":"Damir Sucic (svgds03)"},"graphPosition":2},{"id":"1658b803-a5e1-7987-991c-3f3559aa55cf","type":"componentEnvironmentIterator","displayName":"PingDestHost","name":"e7b5c95548717135d2ef48d6d4a450","state":"CLOSED","result":"SUCCEEDED","startDate":1535643761245,"endDate":1535643761357,"duration":112,"workflowTraceId":"1658b803-9353-dda8-ffcb-ff77edffb046","notNeeded":"noResources","component":{"id":"165863b4-8249-4ad6-d93a-ec8dd49ccda3","securityResourceId":"165863b4-8188-df2a-7920-24a826b064fd","name":"Deploy-VerySimpleApp","description":"","created":1535555356515,"componentType":"STANDARD","ignoreQualifiers":0,"importAutomatically":false,"useVfs":true,"active":true,"integrationFailed":false,"deleted":false,"defaultVersionType":"FULL","cleanupDaysToKeep":0,"cleanupCountToKeep":0,"templateVersion":-1,"tags":[],"templateTags":[],"user":"Damir Sucic (svgds03)"},"graphPosition":1}]}